<?xml version='1.0' encoding='UTF-8' ?>
<timeLogEntries>
  <time id="1" path="/Non Project/PSP Training/Program 1/Planning" start="@1453914639916" delta="8" interrupt="2" comment="Corrección de instrucciones" />
  <time id="2" path="/Non Project/PSP Training/Program 1/Design" start="@1453915292372" delta="68" interrupt="9" />
  <time id="3" path="/Non Project/PSP Training/Program 1/Design" start="@1453920496220" delta="24" interrupt="3" />
  <time id="4" path="/Non Project/PSP Training/Program 1/Design" start="@1453922349436" delta="3" />
  <time id="5" path="/Non Project/PSP Training/Program 1/Design" start="@1453927772806" delta="21" />
  <time id="6" path="/Non Project/PSP Training/Program 1/Design" start="@1453929986838" delta="16" />
  <time id="7" path="/Non Project/PSP Training/Program 1/Code" start="@1453931922453" delta="28" interrupt="1" />
  <time id="8" path="/Non Project/PSP Training/Program 1/Code" start="@1453934326719" delta="5" />
  <time id="9" path="/Non Project/PSP Training/Program 1/Code" start="@1453935470381" delta="27" />
  <time id="10" path="/Non Project/PSP Training/Program 1/Test" start="@1453940752738" delta="27" interrupt="1" />
  <time id="11" path="/Non Project/PSP Training/Program 1/Test" start="@1453943811516" delta="12" />
  <time id="12" path="/Non Project/PSP Training/Program 1/Test" start="@1454192751327" delta="92" />
  <time id="13" path="/Non Project/PSP Training/Program 1/Postmortem" start="@1454204885216" delta="2" />
  <time id="14" path="/Non Project/PSP Training/Program 1/Postmortem" start="@1454207909605" delta="2" interrupt="3" />
  <time id="15" path="/Non Project/PSP Training/Program 1/Postmortem" start="@1454208955197" delta="31" interrupt="5" />
  <time id="16" path="/Non Project/PSP Training/Program 2/Planning" start="@1455390296878" delta="4" interrupt="5" />
  <time id="17" path="/Non Project/PSP Training/Program 2/Planning" start="@1455391535643" delta="62" interrupt="9" comment="Incluyendo el estándar de contabilización en el programa 1." />
  <time id="18" path="/Non Project/PSP Training/Program 2/Planning" start="@1455400463242" delta="28" />
  <time id="19" path="/Non Project/PSP Training/Program 2/Design" start="@1455402674267" delta="274" interrupt="19" />
  <time id="20" path="/Non Project/PSP Training/Program 2/Design" start="@1455433392391" delta="15" />
  <time id="21" path="/Non Project/PSP Training/Program 2/Code" start="@1455434303026" delta="3" />
  <time id="22" path="/Non Project/PSP Training/Program 2/Test" start="@1455434487255" delta="5" />
  <time id="23" path="/Non Project/PSP Training/Program 2/Code" start="@1455434813409" delta="19" />
  <time id="24" path="/Non Project/PSP Training/Program 2/Code" start="@1455436009289" delta="23" />
  <time id="25" path="/Non Project/PSP Training/Program 2/Code" start="@1455459508594" delta="12" />
  <time id="26" path="/Non Project/PSP Training/Program 2/Test" start="@1455460245846" delta="41" interrupt="7" />
  <time id="27" path="/Non Project/PSP Training/Program 2/Code" start="@1455463159013" delta="14" />
  <time id="28" path="/Non Project/PSP Training/Program 2/Test" start="@1455464005456" delta="9" interrupt="2" />
  <time id="29" path="/Non Project/PSP Training/Program 2/Code" start="@1455464694492" delta="7" />
  <time id="30" path="/Non Project/PSP Training/Program 2/Code" start="@1455465153410" delta="5" />
  <time id="31" path="/Non Project/PSP Training/Program 2/Test" start="@1455465432689" delta="3" interrupt="1" />
  <time id="32" path="/Non Project/PSP Training/Program 2/Code" start="@1455465698238" delta="5" />
  <time id="33" path="/Non Project/PSP Training/Program 2/Test" start="@1455466377739" delta="13" interrupt="1" />
  <time id="34" path="/Non Project/PSP Training/Program 2/Test" start="@1455467671919" delta="1" />
  <time id="35" path="/Non Project/PSP Training/Program 2/Test" start="@1455472006520" delta="9" />
  <time id="36" path="/Non Project/PSP Training/Program 2/Test" start="@1455473085554" delta="4" />
  <time id="37" path="/Non Project/PSP Training/Program 2/Code" start="@1455473803926" delta="10" />
  <time id="38" path="/Non Project/PSP Training/Program 2/Test" start="@1455474426853" delta="20" />
  <time id="39" path="/Non Project/PSP Training/Program 2/Code" start="@1455475615341" delta="28" />
  <time id="40" path="/Non Project/PSP Training/Program 2/Test" start="@1455478148296" delta="17" interrupt="4" />
  <time id="41" path="/Non Project/PSP Training/Program 2/Test" start="@1455479507805" delta="63" />
  <time id="42" path="/Non Project/PSP Training/Program 2/Code" start="@1455484363692" delta="3" />
  <time id="43" path="/Non Project/PSP Training/Program 2/Test" start="@1455484524140" delta="2" />
  <time id="44" path="/Non Project/PSP Training/Program 2/Code" start="@1455484624864" delta="9" interrupt="2" />
  <time id="45" path="/Non Project/PSP Training/Program 2/Code" start="@1455486275782" delta="6" />
  <time id="46" path="/Non Project/PSP Training/Program 2/Code" start="@1455486669041" delta="1" />
  <time id="47" path="/Non Project/PSP Training/Program 2/Code" start="@1455490492180" delta="13" />
  <time id="48" path="/Non Project/PSP Training/Program 2/Code" start="@1455494131115" delta="18" />
  <time id="49" path="/Non Project/PSP Training/Program 2/Test" start="@1455495231781" delta="10" />
  <time id="50" path="/Non Project/PSP Training/Program 2/Code" start="@1455495857475" delta="21" />
  <time id="51" path="/Non Project/PSP Training/Program 2/Test" start="@1455497107525" delta="4" />
  <time id="52" path="/Non Project/PSP Training/Program 2/Postmortem" start="@1455595981029" delta="3" />
  <time id="53" path="/Non Project/PSP Training/Program 2/Postmortem" start="@1455596644204" delta="17" interrupt="1" />
  <time id="54" path="/Non Project/PSP Training/Program 2/Postmortem" start="@1455599746059" delta="10" />
  <time id="55" path="/Non Project/PSP Training/Program 2/Postmortem" start="@1455600812821" delta="15" interrupt="4" />
</timeLogEntries>
