<?xml version='1.0' encoding='UTF-8' ?>
<timeLogEntries>
  <time id="1" path="/Non Project/PSP Training/Program 1/Planning" start="@1453914639916" delta="8" interrupt="2" comment="Corrección de instrucciones" />
  <time id="2" path="/Non Project/PSP Training/Program 1/Design" start="@1453915292372" delta="68" interrupt="9" />
  <time id="3" path="/Non Project/PSP Training/Program 1/Design" start="@1453920496220" delta="24" interrupt="3" />
  <time id="4" path="/Non Project/PSP Training/Program 1/Design" start="@1453922349436" delta="3" />
  <time id="5" path="/Non Project/PSP Training/Program 1/Design" start="@1453927772806" delta="21" />
  <time id="6" path="/Non Project/PSP Training/Program 1/Design" start="@1453929986838" delta="16" />
  <time id="7" path="/Non Project/PSP Training/Program 1/Code" start="@1453931922453" delta="28" interrupt="1" />
  <time id="8" path="/Non Project/PSP Training/Program 1/Code" start="@1453934326719" delta="5" />
  <time id="9" path="/Non Project/PSP Training/Program 1/Code" start="@1453935470381" delta="27" />
  <time id="10" path="/Non Project/PSP Training/Program 1/Test" start="@1453940752738" delta="27" interrupt="1" />
  <time id="11" path="/Non Project/PSP Training/Program 1/Test" start="@1453943811516" delta="12" />
</timeLogEntries>
