<?xml version='1.0' encoding='UTF-8' ?>
<timeLogEntries>
  <time id="1" path="/Non Project/PSP Training/Program 1/Planning" start="@1453914639916" delta="8" interrupt="2" comment="Corrección de instrucciones" />
  <time id="2" path="/Non Project/PSP Training/Program 1/Design" start="@1453915292372" delta="68" interrupt="9" />
  <time id="3" path="/Non Project/PSP Training/Program 1/Design" start="@1453920496220" delta="24" interrupt="3" />
  <time id="4" path="/Non Project/PSP Training/Program 1/Design" start="@1453922349436" delta="3" />
  <time id="5" path="/Non Project/PSP Training/Program 1/Design" start="@1453927772806" delta="21" />
  <time id="6" path="/Non Project/PSP Training/Program 1/Design" start="@1453929986838" delta="16" />
  <time id="7" path="/Non Project/PSP Training/Program 1/Code" start="@1453931922453" delta="28" interrupt="1" />
  <time id="8" path="/Non Project/PSP Training/Program 1/Code" start="@1453934326719" delta="5" />
  <time id="9" path="/Non Project/PSP Training/Program 1/Code" start="@1453935470381" delta="27" />
  <time id="10" path="/Non Project/PSP Training/Program 1/Test" start="@1453940752738" delta="27" interrupt="1" />
  <time id="11" path="/Non Project/PSP Training/Program 1/Test" start="@1453943811516" delta="12" />
  <time id="12" path="/Non Project/PSP Training/Program 1/Test" start="@1454192751327" delta="92" />
  <time id="13" path="/Non Project/PSP Training/Program 1/Postmortem" start="@1454204885216" delta="2" />
  <time id="14" path="/Non Project/PSP Training/Program 1/Postmortem" start="@1454207909605" delta="2" interrupt="3" />
  <time id="15" path="/Non Project/PSP Training/Program 1/Postmortem" start="@1454208955197" delta="31" interrupt="5" />
  <time id="16" path="/Non Project/PSP Training/Program 2/Planning" start="@1455390296878" delta="4" interrupt="5" />
  <time id="17" path="/Non Project/PSP Training/Program 2/Planning" start="@1455391535643" delta="62" interrupt="9" comment="Incluyendo el estándar de contabilización en el programa 1." />
  <time id="18" path="/Non Project/PSP Training/Program 2/Planning" start="@1455400463242" delta="28" />
  <time id="19" path="/Non Project/PSP Training/Program 2/Design" start="@1455402674267" delta="274" interrupt="19" />
  <time id="20" path="/Non Project/PSP Training/Program 2/Design" start="@1455433392391" delta="15" />
  <time id="21" path="/Non Project/PSP Training/Program 2/Code" start="@1455434303026" delta="3" />
  <time id="22" path="/Non Project/PSP Training/Program 2/Test" start="@1455434487255" delta="5" />
  <time id="23" path="/Non Project/PSP Training/Program 2/Code" start="@1455434813409" delta="19" />
  <time id="24" path="/Non Project/PSP Training/Program 2/Code" start="@1455436009289" delta="23" />
  <time id="25" path="/Non Project/PSP Training/Program 2/Code" start="@1455459508594" delta="12" />
  <time id="26" path="/Non Project/PSP Training/Program 2/Test" start="@1455460245846" delta="41" interrupt="7" />
  <time id="27" path="/Non Project/PSP Training/Program 2/Code" start="@1455463159013" delta="14" />
  <time id="28" path="/Non Project/PSP Training/Program 2/Test" start="@1455464005456" delta="9" interrupt="2" />
  <time id="29" path="/Non Project/PSP Training/Program 2/Code" start="@1455464694492" delta="7" />
  <time id="30" path="/Non Project/PSP Training/Program 2/Code" start="@1455465153410" delta="5" />
  <time id="31" path="/Non Project/PSP Training/Program 2/Test" start="@1455465432689" delta="3" interrupt="1" />
  <time id="32" path="/Non Project/PSP Training/Program 2/Code" start="@1455465698238" delta="5" />
  <time id="33" path="/Non Project/PSP Training/Program 2/Test" start="@1455466377739" delta="13" interrupt="1" />
  <time id="34" path="/Non Project/PSP Training/Program 2/Test" start="@1455467671919" delta="1" />
  <time id="35" path="/Non Project/PSP Training/Program 2/Test" start="@1455472006520" delta="9" />
  <time id="36" path="/Non Project/PSP Training/Program 2/Test" start="@1455473085554" delta="4" />
  <time id="37" path="/Non Project/PSP Training/Program 2/Code" start="@1455473803926" delta="10" />
  <time id="38" path="/Non Project/PSP Training/Program 2/Test" start="@1455474426853" delta="20" />
  <time id="39" path="/Non Project/PSP Training/Program 2/Code" start="@1455475615341" delta="28" />
  <time id="40" path="/Non Project/PSP Training/Program 2/Test" start="@1455478148296" delta="17" interrupt="4" />
  <time id="41" path="/Non Project/PSP Training/Program 2/Test" start="@1455479507805" delta="20" />
  <time id="42" path="/Non Project/PSP Training/Program 2/Code" start="@1455484363692" delta="3" />
  <time id="43" path="/Non Project/PSP Training/Program 2/Test" start="@1455484524140" delta="2" />
  <time id="44" path="/Non Project/PSP Training/Program 2/Code" start="@1455484624864" delta="9" interrupt="2" />
  <time id="45" path="/Non Project/PSP Training/Program 2/Code" start="@1455486275782" delta="6" />
  <time id="46" path="/Non Project/PSP Training/Program 2/Code" start="@1455486669041" delta="1" />
  <time id="47" path="/Non Project/PSP Training/Program 2/Code" start="@1455490492180" delta="13" />
  <time id="48" path="/Non Project/PSP Training/Program 2/Code" start="@1455494131115" delta="18" />
  <time id="49" path="/Non Project/PSP Training/Program 2/Test" start="@1455495231781" delta="10" />
  <time id="50" path="/Non Project/PSP Training/Program 2/Code" start="@1455495857475" delta="21" />
  <time id="51" path="/Non Project/PSP Training/Program 2/Test" start="@1455497107525" delta="4" />
  <time id="52" path="/Non Project/PSP Training/Program 2/Postmortem" start="@1455595981029" delta="3" />
  <time id="53" path="/Non Project/PSP Training/Program 2/Postmortem" start="@1455596644204" delta="17" interrupt="1" />
  <time id="54" path="/Non Project/PSP Training/Program 2/Postmortem" start="@1455599746059" delta="10" />
  <time id="55" path="/Non Project/PSP Training/Program 2/Postmortem" start="@1455600812821" delta="15" interrupt="4" />
  <time id="56" path="/Non Project/PSP Training/Program 2/Postmortem" start="@1455840782816" delta="13" />
  <time id="57" path="/Non Project/PSP Training/Program 3/Planning" start="@1456354908125" delta="2" />
  <time id="58" path="/Non Project/PSP Training/Program 3/Planning" start="@1456358670897" delta="36" interrupt="2" />
  <time id="59" path="/Non Project/PSP Training/Program 3/Design" start="@1456360997708" delta="37" interrupt="2" />
  <time id="60" path="/Non Project/PSP Training/Program 3/Design Review" start="@1456363353547" delta="25" interrupt="3" />
  <time id="61" path="/Non Project/PSP Training/Program 3/Code" start="@1456365059683" delta="24" interrupt="1" />
  <time id="62" path="/Non Project/PSP Training/Program 3/Code" start="@1456372029215" delta="23" />
  <time id="63" path="/Non Project/PSP Training/Program 3/Code" start="@1456374906289" delta="31" />
  <time id="64" path="/Non Project/PSP Training/Program 3/Code Review" start="@1456410529910" delta="21" />
  <time id="65" path="/Non Project/PSP Training/Program 3/Code Review" start="@1456412947540" delta="17" />
  <time id="66" path="/Non Project/PSP Training/Program 3/Test" start="@1456413982193" delta="35" />
  <time id="67" path="/Non Project/PSP Training/Program 3/Postmortem" start="@1456618617171" delta="36" interrupt="1" />
  <time id="68" path="/Non Project/PSP Training/Program 3/Postmortem" start="@1456621455654" delta="31" />
  <time id="69" path="/Non Project/PSP Training/Program 4/Planning" start="@1457846461263" delta="21" interrupt="5" />
  <time id="70" path="/Non Project/PSP Training/Program 4/Planning" start="@1457848459791" delta="11" />
  <time id="71" path="/Non Project/PSP Training/Program 4/Planning" start="@1457849554359" delta="2" />
  <time id="72" path="/Non Project/PSP Training/Program 4/Planning" start="@1457902132754" delta="4" />
  <time id="73" path="/Non Project/PSP Training/Program 4/Design" start="@1457902370676" delta="3" interrupt="5" />
  <time id="74" path="/Non Project/PSP Training/Program 4/Design" start="@1457903085932" delta="86" />
  <time id="75" path="/Non Project/PSP Training/Program 4/Design" start="@1457935019592" delta="10" />
  <time id="76" path="/Non Project/PSP Training/Program 4/Design" start="@1457936206519" delta="7" />
  <time id="77" path="/Non Project/PSP Training/Program 4/Design" start="@1457937868296" delta="8" />
  <time id="78" path="/Non Project/PSP Training/Program 4/Design" start="@1457939346698" delta="8" interrupt="3" />
  <time id="79" path="/Non Project/PSP Training/Program 4/Design Review" start="@1457940059512" delta="36" interrupt="6" />
  <time id="80" path="/Non Project/PSP Training/Program 4/Design Review" start="@1457942993249" delta="35" interrupt="6" />
  <time id="81" path="/Non Project/PSP Training/Program 4/Design Review" start="@1457966593800" delta="1" />
  <time id="82" path="/Non Project/PSP Training/Program 4/Design Review" start="@1457990732868" delta="2" />
  <time id="83" path="/Non Project/PSP Training/Program 4/Code" start="@1457990890811" delta="38" interrupt="7" />
  <time id="84" path="/Non Project/PSP Training/Program 4/Code" start="@1458016713184" delta="14" interrupt="5" />
  <time id="85" path="/Non Project/PSP Training/Program 4/Code Review" start="@1458017888615" delta="1" />
  <time id="86" path="/Non Project/PSP Training/Program 4/Code Review" start="@1458018078294" delta="34" interrupt="3" />
  <time id="87" path="/Non Project/PSP Training/Program 4/Test" start="@1458020583531" delta="47" interrupt="2" />
  <time id="88" path="/Non Project/PSP Training/Program 4/Postmortem" start="@1458024739169" delta="7" />
  <time id="89" path="/Non Project/PSP Training/Program 4/Postmortem" start="@1458026710162" delta="14" />
  <time id="90" path="/Non Project/PSP Training/Program 4/Postmortem" start="@1458028067796" delta="5" interrupt="3" />
  <time id="91" path="/Non Project/PSP Training/Program 4/Postmortem" start="@1458029736301" delta="4" />
  <time id="92" path="/Non Project/PSP Training/Program 4/Postmortem" start="@1458030801721" delta="3" />
  <time id="93" path="/Non Project/PSP Training/Program 4/Postmortem" start="@1458032870142" delta="4" />
  <time id="94" path="/Non Project/PSP Training/Program 5/Planning" start="@1458945805099" delta="3" interrupt="3" />
  <time id="95" path="/Non Project/PSP Training/Program 5/Planning" start="@1458948651538" delta="12" />
  <time id="96" path="/Non Project/PSP Training/Program 5/Planning" start="@1458950121360" delta="7" />
  <time id="97" path="/Non Project/PSP Training/Program 5/Planning" start="@1459705843177" delta="9" />
  <time id="98" path="/Non Project/PSP Training/Program 5/Design" start="@1459714768837" delta="15" />
  <time id="99" path="/Non Project/PSP Training/Program 5/Design" start="@1459718557087" delta="15" />
  <time id="100" path="/Non Project/PSP Training/Program 5/Design" start="@1459720272763" delta="17" />
  <time id="101" path="/Non Project/PSP Training/Program 5/Design" start="@1459722177033" delta="4" />
  <time id="102" path="/Non Project/PSP Training/Program 5/Design Review" start="@1459723979087" delta="41" />
  <time id="103" path="/Non Project/PSP Training/Program 5/Design Review" start="@1459728261296" delta="16" />
  <time id="104" path="/Non Project/PSP Training/Program 5/Design Review" start="@1459730957631" delta="18" />
  <time id="105" path="/Non Project/PSP Training/Program 5/Code" start="@1459732028951" delta="18" interrupt="2" />
  <time id="106" path="/Non Project/PSP Training/Program 5/Code" start="@1459733847474" delta="4" />
  <time id="107" path="/Non Project/PSP Training/Program 5/Code Review" start="@1459734099050" delta="18" />
  <time id="108" path="/Non Project/PSP Training/Program 5/Test" start="@1459736843656" delta="4" />
  <time id="109" path="/Non Project/PSP Training/Program 5/Postmortem" start="@1459738720913" delta="4" />
  <time id="110" path="/Non Project/PSP Training/Program 5/Postmortem" start="@1459741082977" delta="8" />
  <time id="111" path="/Non Project/PSP Training/Program 5/Postmortem" start="@1459863428494" delta="20" />
  <time id="112" path="/Non Project/PSP Training/Program 5/Postmortem" start="@1459865060552" delta="7" interrupt="2" />
  <time id="113" path="/Non Project/PSP Training/Program 6/Planning" start="@1460907669780" delta="9" />
  <time id="114" path="/Non Project/PSP Training/Program 6/Planning" start="@1460908732601" delta="35" />
  <time id="115" path="/Non Project/PSP Training/Program 6/Design" start="@1460912771335" delta="7" />
  <time id="116" path="/Non Project/PSP Training/Program 6/Design" start="@1460915056723" delta="28" interrupt="3" />
  <time id="117" path="/Non Project/PSP Training/Program 6/Design" start="@1460917462640" delta="16" />
  <time id="118" path="/Non Project/PSP Training/Program 6/Design Review" start="@1460918835286" delta="17" />
  <time id="119" path="/Non Project/PSP Training/Program 6/Design Review" start="@1460924896419" delta="41" />
  <time id="120" path="/Non Project/PSP Training/Program 6/Code" start="@1460927353770" delta="38" interrupt="2" />
  <time id="121" path="/Non Project/PSP Training/Program 6/Code Review" start="@1460929930125" delta="39" />
  <time id="122" path="/Non Project/PSP Training/Program 6/Test" start="@1460932315786" delta="3" />
  <time id="123" path="/Non Project/PSP Training/Program 6/Postmortem" start="@1460933285987" delta="6" />
  <time id="124" path="/Non Project/PSP Training/Program 6/Postmortem" start="@1460934164653" delta="4" />
  <time id="125" path="/Non Project/PSP Training/Program 6/Postmortem" start="@1460937664561" delta="19" />
  <time id="126" path="/Non Project/PSP Training/Program 7/Planning" start="@1461529655421" delta="39" />
  <time id="127" path="/Non Project/PSP Training/Program 7/Planning" start="@1461532858592" delta="3" />
  <time id="128" path="/Non Project/PSP Training/Program 7/Design" start="@1461533053054" delta="38" interrupt="4" />
  <time id="129" path="/Non Project/PSP Training/Program 7/Design" start="@1461536279599" delta="24" />
  <time id="130" path="/Non Project/PSP Training/Program 7/Design" start="@1461538858923" delta="91" interrupt="6" />
  <time id="131" path="/Non Project/PSP Training/Program 7/Design Review" start="@1461544759150" delta="88" interrupt="1" />
  <time id="132" path="/Non Project/PSP Training/Program 7/Code" start="@1461550119233" delta="77" interrupt="7" />
  <time id="133" path="/Non Project/PSP Training/Program 7/Code Review" start="@1461556231357" delta="63" interrupt="2" />
  <time id="134" path="/Non Project/PSP Training/Program 7/Code Review" start="@1461615967340" delta="9" />
  <time id="135" path="/Non Project/PSP Training/Program 7/Code Review" start="@1461635362546" delta="2" />
</timeLogEntries>
