<?xml version='1.0' encoding='UTF-8' ?>
<timeLogEntries>
  <time id="84" path="/Non Project/PSP Training/Program 4/Code" start="@1458016713184" delta="14" interrupt="5" flag="A" />
  <time id="85" path="/Non Project/PSP Training/Program 4/Code Review" start="@1458017888615" delta="1" flag="A" />
  <time id="86" path="/Non Project/PSP Training/Program 4/Code Review" start="@1458018078294" delta="34" interrupt="3" flag="A" />
  <time id="87" path="/Non Project/PSP Training/Program 4/Test" start="@1458020583531" delta="47" interrupt="2" flag="A" />
  <time id="88" path="/Non Project/PSP Training/Program 4/Postmortem" start="@1458024739169" delta="7" flag="A" />
  <time id="89" path="/Non Project/PSP Training/Program 4/Postmortem" start="@1458026710162" delta="14" flag="A" />
  <time id="90" path="/Non Project/PSP Training/Program 4/Postmortem" start="@1458028067796" delta="5" interrupt="3" flag="A" />
  <time id="91" path="/Non Project/PSP Training/Program 4/Postmortem" start="@1458029736301" delta="4" flag="A" />
  <time id="92" path="/Non Project/PSP Training/Program 4/Postmortem" start="@1458030801721" delta="3" flag="A" />
  <time id="93" path="/Non Project/PSP Training/Program 4/Postmortem" start="@1458032870142" delta="4" flag="A" />
</timeLogEntries>
