<?xml version='1.0' encoding='UTF-8' ?>
<timeLogEntries>
  <time id="58" path="/Non Project/PSP Training/Program 3/Planning" start="@1456358670897" delta="36" interrupt="2" flag="A" />
  <time id="59" path="/Non Project/PSP Training/Program 3/Design" start="@1456360997708" delta="37" interrupt="2" flag="A" />
  <time id="60" path="/Non Project/PSP Training/Program 3/Design Review" start="@1456363353547" delta="25" interrupt="3" flag="A" />
  <time id="61" path="/Non Project/PSP Training/Program 3/Code" start="@1456365059683" delta="24" interrupt="1" flag="A" />
  <time id="62" path="/Non Project/PSP Training/Program 3/Code" start="@1456372029215" delta="23" flag="A" />
  <time id="63" path="/Non Project/PSP Training/Program 3/Code" start="@1456374906289" delta="31" flag="A" />
  <time id="64" path="/Non Project/PSP Training/Program 3/Code Review" start="@1456410529910" delta="21" flag="A" />
  <time id="65" path="/Non Project/PSP Training/Program 3/Code Review" start="@1456412947540" delta="17" flag="A" />
  <time id="66" path="/Non Project/PSP Training/Program 3/Test" start="@1456413982193" delta="35" flag="A" />
  <time id="67" path="/Non Project/PSP Training/Program 3/Postmortem" start="@1456618617171" delta="36" interrupt="1" flag="A" />
  <time id="68" path="/Non Project/PSP Training/Program 3/Postmortem" start="@1456621455654" delta="31" flag="A" />
</timeLogEntries>
